{"0.03625510230793583":{"user_id":1},"0.7633188017203103":{"user_id":1},"0.7686346736838086":{"user_id":1},"0.08430598912960208":{"user_id":1}}